{
    "classDefinitions": [
        {
            "classname": "OnlineShopOrder",
            "fieldname": "paymentProvider"
        }
    ],
    "key": null,
    "parentClass": "",
    "implementsInterfaces": null,
    "title": "",
    "group": "PaymentProvider",
    "layoutDefinitions": {
        "fieldtype": "panel",
        "labelWidth": 100,
        "layout": null,
        "border": false,
        "name": null,
        "type": null,
        "region": null,
        "title": null,
        "width": null,
        "height": null,
        "collapsible": false,
        "collapsed": false,
        "bodyStyle": null,
        "datatype": "layout",
        "permissions": null,
        "childs": [
            {
                "fieldtype": "panel",
                "labelWidth": 150,
                "layout": null,
                "border": false,
                "name": "Layout",
                "type": null,
                "region": null,
                "title": "",
                "width": null,
                "height": null,
                "collapsible": false,
                "collapsed": false,
                "bodyStyle": "",
                "datatype": "layout",
                "permissions": null,
                "childs": [
                    {
                        "fieldtype": "input",
                        "width": 500,
                        "defaultValue": null,
                        "queryColumnType": "varchar",
                        "columnType": "varchar",
                        "columnLength": 190,
                        "phpdocType": "string",
                        "regex": "",
                        "unique": false,
                        "showCharCount": false,
                        "name": "auth_paymentMethod",
                        "title": "Payment Method",
                        "tooltip": "",
                        "mandatory": false,
                        "noteditable": true,
                        "index": false,
                        "locked": false,
                        "style": "",
                        "permissions": null,
                        "datatype": "data",
                        "relationType": false,
                        "invisible": false,
                        "visibleGridView": false,
                        "visibleSearch": false,
                        "defaultValueGenerator": ""
                    },
                    {
                        "fieldtype": "input",
                        "width": 500,
                        "defaultValue": null,
                        "queryColumnType": "varchar",
                        "columnType": "varchar",
                        "columnLength": 190,
                        "phpdocType": "string",
                        "regex": "",
                        "unique": false,
                        "showCharCount": false,
                        "name": "auth_amount",
                        "title": "Amount",
                        "tooltip": "",
                        "mandatory": false,
                        "noteditable": true,
                        "index": false,
                        "locked": false,
                        "style": "",
                        "permissions": null,
                        "datatype": "data",
                        "relationType": false,
                        "invisible": false,
                        "visibleGridView": false,
                        "visibleSearch": false,
                        "defaultValueGenerator": ""
                    },
                    {
                        "fieldtype": "input",
                        "width": 500,
                        "defaultValue": null,
                        "queryColumnType": "varchar",
                        "columnType": "varchar",
                        "columnLength": 190,
                        "phpdocType": "string",
                        "regex": "",
                        "unique": false,
                        "showCharCount": false,
                        "name": "auth_currency",
                        "title": "Currency",
                        "tooltip": "",
                        "mandatory": false,
                        "noteditable": true,
                        "index": false,
                        "locked": false,
                        "style": "",
                        "permissions": null,
                        "datatype": "data",
                        "relationType": false,
                        "invisible": false,
                        "visibleGridView": false,
                        "visibleSearch": false,
                        "defaultValueGenerator": ""
                    },
                    {
                        "fieldtype": "input",
                        "width": 800,
                        "defaultValue": null,
                        "queryColumnType": "varchar",
                        "columnType": "varchar",
                        "columnLength": 190,
                        "phpdocType": "string",
                        "regex": "",
                        "unique": false,
                        "showCharCount": false,
                        "name": "auth_paymentType",
                        "title": "Payment Type",
                        "tooltip": "",
                        "mandatory": false,
                        "noteditable": true,
                        "index": false,
                        "locked": false,
                        "style": "",
                        "permissions": null,
                        "datatype": "data",
                        "relationType": false,
                        "invisible": false,
                        "visibleGridView": false,
                        "visibleSearch": false,
                        "defaultValueGenerator": ""
                    },
                    {
                        "fieldtype": "input",
                        "width": 500,
                        "defaultValue": null,
                        "queryColumnType": "varchar",
                        "columnType": "varchar",
                        "columnLength": 190,
                        "phpdocType": "string",
                        "regex": "",
                        "unique": false,
                        "showCharCount": false,
                        "name": "auth_paymentReference",
                        "title": "Payment Reference",
                        "tooltip": "",
                        "mandatory": false,
                        "noteditable": true,
                        "index": false,
                        "locked": false,
                        "style": "",
                        "permissions": null,
                        "datatype": "data",
                        "relationType": false,
                        "invisible": false,
                        "visibleGridView": false,
                        "visibleSearch": false,
                        "defaultValueGenerator": ""
                    },
                    {
                        "fieldtype": "input",
                        "width": 500,
                        "defaultValue": null,
                        "queryColumnType": "varchar",
                        "columnType": "varchar",
                        "columnLength": 190,
                        "phpdocType": "string",
                        "regex": "",
                        "unique": false,
                        "showCharCount": false,
                        "name": "auth_clientMessage",
                        "title": "Client Message",
                        "tooltip": "",
                        "mandatory": false,
                        "noteditable": true,
                        "index": false,
                        "locked": false,
                        "style": "",
                        "permissions": null,
                        "datatype": "data",
                        "relationType": false,
                        "invisible": false,
                        "visibleGridView": false,
                        "visibleSearch": false,
                        "defaultValueGenerator": ""
                    },
                    {
                        "fieldtype": "input",
                        "width": 500,
                        "defaultValue": null,
                        "queryColumnType": "varchar",
                        "columnType": "varchar",
                        "columnLength": 190,
                        "phpdocType": "string",
                        "regex": "",
                        "unique": false,
                        "showCharCount": false,
                        "name": "auth_merchantMessage",
                        "title": "Merchant Message",
                        "tooltip": "",
                        "mandatory": false,
                        "noteditable": true,
                        "index": false,
                        "locked": false,
                        "style": "",
                        "permissions": null,
                        "datatype": "data",
                        "relationType": false,
                        "invisible": false,
                        "visibleGridView": false,
                        "visibleSearch": false,
                        "defaultValueGenerator": ""
                    },
                    {
                        "fieldtype": "input",
                        "width": null,
                        "defaultValue": null,
                        "queryColumnType": "varchar",
                        "columnType": "varchar",
                        "columnLength": 190,
                        "phpdocType": "string",
                        "regex": "",
                        "unique": false,
                        "showCharCount": false,
                        "name": "auth_chargeId",
                        "title": "Charge ID",
                        "tooltip": "",
                        "mandatory": false,
                        "noteditable": false,
                        "index": false,
                        "locked": false,
                        "style": "",
                        "permissions": null,
                        "datatype": "data",
                        "relationType": false,
                        "invisible": false,
                        "visibleGridView": false,
                        "visibleSearch": false,
                        "defaultValueGenerator": ""
                    }
                ],
                "locked": false,
                "icon": ""
            }
        ],
        "locked": false,
        "icon": null
    },
    "generateTypeDeclarations": false
}