<?xml version="1.0" encoding="UTF-8"?>
<container xmlns="http://symfony.com/schema/dic/services" xmlns:xsi="http://www.w3.org/2001/XMLSchema-instance" xsi:schemaLocation="http://symfony.com/schema/dic/services http://symfony.com/schema/dic/services/services-1.0.xsd">
	<services>
		<service id="scheb_two_factor.default_backup_code_manager" class="Scheb\TwoFactorBundle\Security\TwoFactor\Backup\BackupCodeManager">
			<argument type="service" id="scheb_two_factor.persister" />
		</service>

		<service id="scheb_two_factor.null_backup_code_manager" class="Scheb\TwoFactorBundle\Security\TwoFactor\Backup\NullBackupCodeManager" />

		<service id="scheb_two_factor.security.listener.check_backup_code" class="\Scheb\TwoFactorBundle\Security\Http\EventListener\CheckBackupCodeListener">
			<argument type="service" id="scheb_two_factor.provider_preparation_recorder" />
			<argument type="service" id="scheb_two_factor.backup_code_manager" />
			<tag name="kernel.event_subscriber" />
		</service>
	</services>
</container>
