<?xml version="1.0"?>
<phpunit backupGlobals="false"
         backupStaticAttributes="false"
         bootstrap="test/bootstrap.php"
         colors="false"
         convertErrorsToExceptions="true"
         convertNoticesToExceptions="false"
         convertWarningsToExceptions="false"
         processIsolation="false"
         stopOnFailure="false"
         verbose="true">
    <groups>
        <exclude>
            <group>disabled</group>
            <group>skip</group>
        </exclude>
    </groups>
    <filter>
        <whitelist processUncoveredFilesFromWhitelist="true">
            <directory suffix=".php">src/</directory>
        </whitelist>
    </filter>
</phpunit>